name,title,level,facing,categories,description,detail,remediation,metadata,cache_key
function_search_path_mutable,Function Search Path Mutable,WARN,EXTERNAL,"[""SECURITY""]",Detects functions where the search_path parameter is not set.,Function \`public.update_updated_at_column\` has a role mutable search_path,https://supabase.com/docs/guides/database/database-linter?lint=0011_function_search_path_mutable,"{""name"":""update_updated_at_column"",""type"":""function"",""schema"":""public""}",function_search_path_mutable_public_update_updated_at_column_1489083fd9d99d4554c8e29b3e9a7ad3
function_search_path_mutable,Function Search Path Mutable,WARN,EXTERNAL,"[""SECURITY""]",Detects functions where the search_path parameter is not set.,Function \`public.migrate_existing_checklist_to_tasques\` has a role mutable search_path,https://supabase.com/docs/guides/database/database-linter?lint=0011_function_search_path_mutable,"{""name"":""migrate_existing_checklist_to_tasques"",""type"":""function"",""schema"":""public""}",function_search_path_mutable_public_migrate_existing_checklist_to_tasques_c7d908e4073ae3d5d46c3f9ef26d2ac0
function_search_path_mutable,Function Search Path Mutable,WARN,EXTERNAL,"[""SECURITY""]",Detects functions where the search_path parameter is not set.,Function \`public.create_automatic_tasks_for_phase\` has a role mutable search_path,https://supabase.com/docs/guides/database/database-linter?lint=0011_function_search_path_mutable,"{""name"":""create_automatic_tasks_for_phase"",""type"":""function"",""schema"":""public""}",function_search_path_mutable_public_create_automatic_tasks_for_phase_6a44dac349a555dec2943cb5d00fe367
function_search_path_mutable,Function Search Path Mutable,WARN,EXTERNAL,"[""SECURITY""]",Detects functions where the search_path parameter is not set.,Function \`public.trigger_create_initial_tasks\` has a role mutable search_path,https://supabase.com/docs/guides/database/database-linter?lint=0011_function_search_path_mutable,"{""name"":""trigger_create_initial_tasks"",""type"":""function"",""schema"":""public""}",function_search_path_mutable_public_trigger_create_initial_tasks_fcbfec98e3e04ce344ee1b577e378b44
function_search_path_mutable,Function Search Path Mutable,WARN,EXTERNAL,"[""SECURITY""]",Detects functions where the search_path parameter is not set.,Function \`public.trigger_create_tasks_on_phase_change\` has a role mutable search_path,https://supabase.com/docs/guides/database/database-linter?lint=0011_function_search_path_mutable,"{""name"":""trigger_create_tasks_on_phase_change"",""type"":""function"",""schema"":""public""}",function_search_path_mutable_public_trigger_create_tasks_on_phase_change_df09b180d23f2f7b5f93afd42528e255
function_search_path_mutable,Function Search Path Mutable,WARN,EXTERNAL,"[""SECURITY""]",Detects functions where the search_path parameter is not set.,Function \`public.update_notes_updated_at\` has a role mutable search_path,https://supabase.com/docs/guides/database/database-linter?lint=0011_function_search_path_mutable,"{""name"":""update_notes_updated_at"",""type"":""function"",""schema"":""public""}",function_search_path_mutable_public_update_notes_updated_at_f8e60420464fcae4aadb3052672979ef
function_search_path_mutable,Function Search Path Mutable,WARN,EXTERNAL,"[""SECURITY""]",Detects functions where the search_path parameter is not set.,Function \`public.search_notes\` has a role mutable search_path,https://supabase.com/docs/guides/database/database-linter?lint=0011_function_search_path_mutable,"{""name"":""search_notes"",""type"":""function"",""schema"":""public""}",function_search_path_mutable_public_search_notes_b76b539c117739bbdc9de26e432460fa
function_search_path_mutable,Function Search Path Mutable,WARN,EXTERNAL,"[""SECURITY""]",Detects functions where the search_path parameter is not set.,Function \`public.get_upcoming_bolos_with_musicians\` has a role mutable search_path,https://supabase.com/docs/guides/database/database-linter?lint=0011_function_search_path_mutable,"{""name"":""get_upcoming_bolos_with_musicians"",""type"":""function"",""schema"":""public""}",function_search_path_mutable_public_get_upcoming_bolos_with_musicians_26b881c19599780d25feb94517d243a5
extension_in_public,Extension in Public,WARN,EXTERNAL,"[""SECURITY""]",Detects extensions installed in the \`public\` schema.,Extension \`pg_trgm\` is installed in the public schema. Move it to another schema.,https://supabase.com/docs/guides/database/database-linter?lint=0014_extension_in_public,"{""name"":""pg_trgm"",""type"":""extension"",""schema"":""public""}",extension_in_public_pg_trgm
extension_in_public,Extension in Public,WARN,EXTERNAL,"[""SECURITY""]",Detects extensions installed in the \`public\` schema.,Extension \`unaccent\` is installed in the public schema. Move it to another schema.,https://supabase.com/docs/guides/database/database-linter?lint=0014_extension_in_public,"{""name"":""unaccent"",""type"":""extension"",""schema"":""public""}",extension_in_public_unaccent
rls_policy_always_true,RLS Policy Always True,WARN,EXTERNAL,"[""SECURITY""]","Detects RLS policies that use overly permissive expressions like \`USING (true)\` or \`WITH CHECK (true)\` for UPDATE, DELETE, or INSERT operations. SELECT policies with \`USING (true)\` are intentionally excluded as this pattern is often used deliberately for public read access.",Table `public.app_config` has an RLS policy `Enable all access for all users` for `ALL` that allows unrestricted access (both USING and WITH CHECK are always true). This effectively bypasses row-level security for -.,https://supabase.com/docs/guides/database/database-linter?lint=0024_permissive_rls_policy,"{""name"":""app_config"",""qual"":""true"",""type"":""table"",""roles"":[""-""],""schema"":""public"",""command"":""ALL"",""with_check"":""true"",""policy_name"":""Enable all access for all users"",""permissive_using"":true,""permissive_with_check"":true}",rls_policy_always_true_public_app_config_Enable all access for all users
rls_policy_always_true,RLS Policy Always True,WARN,EXTERNAL,"[""SECURITY""]","Detects RLS policies that use overly permissive expressions like \`USING (true)\` or \`WITH CHECK (true)\` for UPDATE, DELETE, or INSERT operations. SELECT policies with \`USING (true)\` are intentionally excluded as this pattern is often used deliberately for public read access.",Table `public.bolo_comentaris` has an RLS policy `Enable delete access for authenticated users` for `DELETE` that allows unrestricted access (USING clause is always true). This effectively bypasses row-level security for authenticated.,https://supabase.com/docs/guides/database/database-linter?lint=0024_permissive_rls_policy,"{""name"":""bolo_comentaris"",""qual"":""true"",""type"":""table"",""roles"":[""authenticated""],""schema"":""public"",""command"":""DELETE"",""with_check"":null,""policy_name"":""Enable delete access for authenticated users"",""permissive_using"":true,""permissive_with_check"":false}",rls_policy_always_true_public_bolo_comentaris_Enable delete access for authenticated users
rls_policy_always_true,RLS Policy Always True,WARN,EXTERNAL,"[""SECURITY""]","Detects RLS policies that use overly permissive expressions like \`USING (true)\` or \`WITH CHECK (true)\` for UPDATE, DELETE, or INSERT operations. SELECT policies with \`USING (true)\` are intentionally excluded as this pattern is often used deliberately for public read access.",Table `public.bolo_comentaris` has an RLS policy `Enable insert access` for `INSERT` that allows unrestricted access (WITH CHECK clause is always true). This effectively bypasses row-level security for authenticated.,https://supabase.com/docs/guides/database/database-linter?lint=0024_permissive_rls_policy,"{""name"":""bolo_comentaris"",""qual"":null,""type"":""table"",""roles"":[""authenticated""],""schema"":""public"",""command"":""INSERT"",""with_check"":""true"",""policy_name"":""Enable insert access"",""permissive_using"":false,""permissive_with_check"":true}",rls_policy_always_true_public_bolo_comentaris_Enable insert access
rls_policy_always_true,RLS Policy Always True,WARN,EXTERNAL,"[""SECURITY""]","Detects RLS policies that use overly permissive expressions like \`USING (true)\` or \`WITH CHECK (true)\` for UPDATE, DELETE, or INSERT operations. SELECT policies with \`USING (true)\` are intentionally excluded as this pattern is often used deliberately for public read access.",Table `public.bolo_comentaris` has an RLS policy `Enable insert access for authenticated users` for `INSERT` that allows unrestricted access (WITH CHECK clause is always true). This effectively bypasses row-level security for authenticated.,https://supabase.com/docs/guides/database/database-linter?lint=0024_permissive_rls_policy,"{""name"":""bolo_comentaris"",""qual"":null,""type"":""table"",""roles"":[""authenticated""],""schema"":""public"",""command"":""INSERT"",""with_check"":""true"",""policy_name"":""Enable insert access for authenticated users"",""permissive_using"":false,""permissive_with_check"":true}",rls_policy_always_true_public_bolo_comentaris_Enable insert access for authenticated users
rls_policy_always_true,RLS Policy Always True,WARN,EXTERNAL,"[""SECURITY""]","Detects RLS policies that use overly permissive expressions like \`USING (true)\` or \`WITH CHECK (true)\` for UPDATE, DELETE, or INSERT operations. SELECT policies with \`USING (true)\` are intentionally excluded as this pattern is often used deliberately for public read access.",Table `public.bolo_comentaris` has an RLS policy `Enable update access for authenticated users` for `UPDATE` that allows unrestricted access (both USING and WITH CHECK are always true). This effectively bypasses row-level security for authenticated.,https://supabase.com/docs/guides/database/database-linter?lint=0024_permissive_rls_policy,"{""name"":""bolo_comentaris"",""qual"":""true"",""type"":""table"",""roles"":[""authenticated""],""schema"":""public"",""command"":""UPDATE"",""with_check"":null,""policy_name"":""Enable update access for authenticated users"",""permissive_using"":true,""permissive_with_check"":true}",rls_policy_always_true_public_bolo_comentaris_Enable update access for authenticated users
rls_policy_always_true,RLS Policy Always True,WARN,EXTERNAL,"[""SECURITY""]","Detects RLS policies that use overly permissive expressions like \`USING (true)\` or \`WITH CHECK (true)\` for UPDATE, DELETE, or INSERT operations. SELECT policies with \`USING (true)\` are intentionally excluded as this pattern is often used deliberately for public read access.",Table `public.bolo_history` has an RLS policy `Enable insert access for authenticated users` for `INSERT` that allows unrestricted access (WITH CHECK clause is always true). This effectively bypasses row-level security for authenticated.,https://supabase.com/docs/guides/database/database-linter?lint=0024_permissive_rls_policy,"{""name"":""bolo_history"",""qual"":null,""type"":""table"",""roles"":[""authenticated""],""schema"":""public"",""command"":""INSERT"",""with_check"":""true"",""policy_name"":""Enable insert access for authenticated users"",""permissive_using"":false,""permissive_with_check"":true}",rls_policy_always_true_public_bolo_history_Enable insert access for authenticated users
rls_policy_always_true,RLS Policy Always True,WARN,EXTERNAL,"[""SECURITY""]","Detects RLS policies that use overly permissive expressions like \`USING (true)\` or \`WITH CHECK (true)\` for UPDATE, DELETE, or INSERT operations. SELECT policies with \`USING (true)\` are intentionally excluded as this pattern is often used deliberately for public read access.",Table `public.bolo_musics` has an RLS policy `Enable delete access for authenticated users` for `DELETE` that allows unrestricted access (USING clause is always true). This effectively bypasses row-level security for authenticated.,https://supabase.com/docs/guides/database/database-linter?lint=0024_permissive_rls_policy,"{""name"":""bolo_musics"",""qual"":""true"",""type"":""table"",""roles"":[""authenticated""],""schema"":""public"",""command"":""DELETE"",""with_check"":null,""policy_name"":""Enable delete access for authenticated users"",""permissive_using"":true,""permissive_with_check"":false}",rls_policy_always_true_public_bolo_musics_Enable delete access for authenticated users
rls_policy_always_true,RLS Policy Always True,WARN,EXTERNAL,"[""SECURITY""]","Detects RLS policies that use overly permissive expressions like \`USING (true)\` or \`WITH CHECK (true)\` for UPDATE, DELETE, or INSERT operations. SELECT policies with \`USING (true)\` are intentionally excluded as this pattern is often used deliberately for public read access.",Table `public.bolo_musics` has an RLS policy `Enable insert access for authenticated users` for `INSERT` that allows unrestricted access (WITH CHECK clause is always true). This effectively bypasses row-level security for authenticated.,https://supabase.com/docs/guides/database/database-linter?lint=0024_permissive_rls_policy,"{""name"":""bolo_musics"",""qual"":null,""type"":""table"",""roles"":[""authenticated""],""schema"":""public"",""command"":""INSERT"",""with_check"":""true"",""policy_name"":""Enable insert access for authenticated users"",""permissive_using"":false,""permissive_with_check"":true}",rls_policy_always_true_public_bolo_musics_Enable insert access for authenticated users
rls_policy_always_true,RLS Policy Always True,WARN,EXTERNAL,"[""SECURITY""]","Detects RLS policies that use overly permissive expressions like \`USING (true)\` or \`WITH CHECK (true)\` for UPDATE, DELETE, or INSERT operations. SELECT policies with \`USING (true)\` are intentionally excluded as this pattern is often used deliberately for public read access.",Table `public.bolo_musics` has an RLS policy `Enable update access for authenticated users` for `UPDATE` that allows unrestricted access (both USING and WITH CHECK are always true). This effectively bypasses row-level security for authenticated.,https://supabase.com/docs/guides/database/database-linter?lint=0024_permissive_rls_policy,"{""name"":""bolo_musics"",""qual"":""true"",""type"":""table"",""roles"":[""authenticated""],""schema"":""public"",""command"":""UPDATE"",""with_check"":null,""policy_name"":""Enable update access for authenticated users"",""permissive_using"":true,""permissive_with_check"":true}",rls_policy_always_true_public_bolo_musics_Enable update access for authenticated users
rls_policy_always_true,RLS Policy Always True,WARN,EXTERNAL,"[""SECURITY""]","Detects RLS policies that use overly permissive expressions like \`USING (true)\` or \`WITH CHECK (true)\` for UPDATE, DELETE, or INSERT operations. SELECT policies with \`USING (true)\` are intentionally excluded as this pattern is often used deliberately for public read access.",Table `public.bolo_tasques` has an RLS policy `Enable delete access for authenticated users` for `DELETE` that allows unrestricted access (USING clause is always true). This effectively bypasses row-level security for authenticated.,https://supabase.com/docs/guides/database/database-linter?lint=0024_permissive_rls_policy,"{""name"":""bolo_tasques"",""qual"":""true"",""type"":""table"",""roles"":[""authenticated""],""schema"":""public"",""command"":""DELETE"",""with_check"":null,""policy_name"":""Enable delete access for authenticated users"",""permissive_using"":true,""permissive_with_check"":false}",rls_policy_always_true_public_bolo_tasques_Enable delete access for authenticated users
rls_policy_always_true,RLS Policy Always True,WARN,EXTERNAL,"[""SECURITY""]","Detects RLS policies that use overly permissive expressions like \`USING (true)\` or \`WITH CHECK (true)\` for UPDATE, DELETE, or INSERT operations. SELECT policies with \`USING (true)\` are intentionally excluded as this pattern is often used deliberately for public read access.",Table `public.bolo_tasques` has an RLS policy `Enable insert access for authenticated users` for `INSERT` that allows unrestricted access (WITH CHECK clause is always true). This effectively bypasses row-level security for authenticated.,https://supabase.com/docs/guides/database/database-linter?lint=0024_permissive_rls_policy,"{""name"":""bolo_tasques"",""qual"":null,""type"":""table"",""roles"":[""authenticated""],""schema"":""public"",""command"":""INSERT"",""with_check"":""true"",""policy_name"":""Enable insert access for authenticated users"",""permissive_using"":false,""permissive_with_check"":true}",rls_policy_always_true_public_bolo_tasques_Enable insert access for authenticated users
rls_policy_always_true,RLS Policy Always True,WARN,EXTERNAL,"[""SECURITY""]","Detects RLS policies that use overly permissive expressions like \`USING (true)\` or \`WITH CHECK (true)\` for UPDATE, DELETE, or INSERT operations. SELECT policies with \`USING (true)\` are intentionally excluded as this pattern is often used deliberately for public read access.",Table `public.bolo_tasques` has an RLS policy `Enable update access for authenticated users` for `UPDATE` that allows unrestricted access (both USING and WITH CHECK are always true). This effectively bypasses row-level security for authenticated.,https://supabase.com/docs/guides/database/database-linter?lint=0024_permissive_rls_policy,"{""name"":""bolo_tasques"",""qual"":""true"",""type"":""table"",""roles"":[""authenticated""],""schema"":""public"",""command"":""UPDATE"",""with_check"":null,""policy_name"":""Enable update access for authenticated users"",""permissive_using"":true,""permissive_with_check"":true}",rls_policy_always_true_public_bolo_tasques_Enable update access for authenticated users
rls_policy_always_true,RLS Policy Always True,WARN,EXTERNAL,"[""SECURITY""]","Detects RLS policies that use overly permissive expressions like \`USING (true)\` or \`WITH CHECK (true)\` for UPDATE, DELETE, or INSERT operations. SELECT policies with \`USING (true)\` are intentionally excluded as this pattern is often used deliberately for public read access.",Table `public.bolos` has an RLS policy `Enable delete access for authenticated users` for `DELETE` that allows unrestricted access (USING clause is always true). This effectively bypasses row-level security for authenticated.,https://supabase.com/docs/guides/database/database-linter?lint=0024_permissive_rls_policy,"{""name"":""bolos"",""qual"":""true"",""type"":""table"",""roles"":[""authenticated""],""schema"":""public"",""command"":""DELETE"",""with_check"":null,""policy_name"":""Enable delete access for authenticated users"",""permissive_using"":true,""permissive_with_check"":false}",rls_policy_always_true_public_bolos_Enable delete access for authenticated users
rls_policy_always_true,RLS Policy Always True,WARN,EXTERNAL,"[""SECURITY""]","Detects RLS policies that use overly permissive expressions like \`USING (true)\` or \`WITH CHECK (true)\` for UPDATE, DELETE, or INSERT operations. SELECT policies with \`USING (true)\` are intentionally excluded as this pattern is often used deliberately for public read access.",Table `public.bolos` has an RLS policy `Enable insert access for authenticated users` for `INSERT` that allows unrestricted access (WITH CHECK clause is always true). This effectively bypasses row-level security for authenticated.,https://supabase.com/docs/guides/database/database-linter?lint=0024_permissive_rls_policy,"{""name"":""bolos"",""qual"":null,""type"":""table"",""roles"":[""authenticated""],""schema"":""public"",""command"":""INSERT"",""with_check"":""true"",""policy_name"":""Enable insert access for authenticated users"",""permissive_using"":false,""permissive_with_check"":true}",rls_policy_always_true_public_bolos_Enable insert access for authenticated users
rls_policy_always_true,RLS Policy Always True,WARN,EXTERNAL,"[""SECURITY""]","Detects RLS policies that use overly permissive expressions like \`USING (true)\` or \`WITH CHECK (true)\` for UPDATE, DELETE, or INSERT operations. SELECT policies with \`USING (true)\` are intentionally excluded as this pattern is often used deliberately for public read access.",Table `public.bolos` has an RLS policy `Enable update access for authenticated users` for `UPDATE` that allows unrestricted access (both USING and WITH CHECK are always true). This effectively bypasses row-level security for authenticated.,https://supabase.com/docs/guides/database/database-linter?lint=0024_permissive_rls_policy,"{""name"":""bolos"",""qual"":""true"",""type"":""table"",""roles"":[""authenticated""],""schema"":""public"",""command"":""UPDATE"",""with_check"":null,""policy_name"":""Enable update access for authenticated users"",""permissive_using"":true,""permissive_with_check"":true}",rls_policy_always_true_public_bolos_Enable update access for authenticated users
rls_policy_always_true,RLS Policy Always True,WARN,EXTERNAL,"[""SECURITY""]","Detects RLS policies that use overly permissive expressions like \`USING (true)\` or \`WITH CHECK (true)\` for UPDATE, DELETE, or INSERT operations. SELECT policies with \`USING (true)\` are intentionally excluded as this pattern is often used deliberately for public read access.",Table `public.clients` has an RLS policy `Enable delete access for authenticated users` for `DELETE` that allows unrestricted access (USING clause is always true). This effectively bypasses row-level security for authenticated.,https://supabase.com/docs/guides/database/database-linter?lint=0024_permissive_rls_policy,"{""name"":""clients"",""qual"":""true"",""type"":""table"",""roles"":[""authenticated""],""schema"":""public"",""command"":""DELETE"",""with_check"":null,""policy_name"":""Enable delete access for authenticated users"",""permissive_using"":true,""permissive_with_check"":false}",rls_policy_always_true_public_clients_Enable delete access for authenticated users
rls_policy_always_true,RLS Policy Always True,WARN,EXTERNAL,"[""SECURITY""]","Detects RLS policies that use overly permissive expressions like \`USING (true)\` or \`WITH CHECK (true)\` for UPDATE, DELETE, or INSERT operations. SELECT policies with \`USING (true)\` are intentionally excluded as this pattern is often used deliberately for public read access.",Table `public.clients` has an RLS policy `Enable insert access for authenticated users` for `INSERT` that allows unrestricted access (WITH CHECK clause is always true). This effectively bypasses row-level security for authenticated.,https://supabase.com/docs/guides/database/database-linter?lint=0024_permissive_rls_policy,"{""name"":""clients"",""qual"":null,""type"":""table"",""roles"":[""authenticated""],""schema"":""public"",""command"":""INSERT"",""with_check"":""true"",""policy_name"":""Enable insert access for authenticated users"",""permissive_using"":false,""permissive_with_check"":true}",rls_policy_always_true_public_clients_Enable insert access for authenticated users
rls_policy_always_true,RLS Policy Always True,WARN,EXTERNAL,"[""SECURITY""]","Detects RLS policies that use overly permissive expressions like \`USING (true)\` or \`WITH CHECK (true)\` for UPDATE, DELETE, or INSERT operations. SELECT policies with \`USING (true)\` are intentionally excluded as this pattern is often used deliberately for public read access.",Table `public.clients` has an RLS policy `Enable update access for authenticated users` for `UPDATE` that allows unrestricted access (both USING and WITH CHECK are always true). This effectively bypasses row-level security for authenticated.,https://supabase.com/docs/guides/database/database-linter?lint=0024_permissive_rls_policy,"{""name"":""clients"",""qual"":""true"",""type"":""table"",""roles"":[""authenticated""],""schema"":""public"",""command"":""UPDATE"",""with_check"":null,""policy_name"":""Enable update access for authenticated users"",""permissive_using"":true,""permissive_with_check"":true}",rls_policy_always_true_public_clients_Enable update access for authenticated users
rls_policy_always_true,RLS Policy Always True,WARN,EXTERNAL,"[""SECURITY""]","Detects RLS policies that use overly permissive expressions like \`USING (true)\` or \`WITH CHECK (true)\` for UPDATE, DELETE, or INSERT operations. SELECT policies with \`USING (true)\` are intentionally excluded as this pattern is often used deliberately for public read access.",Table `public.despeses_ingressos` has an RLS policy `Enable delete access for authenticated users` for `DELETE` that allows unrestricted access (USING clause is always true). This effectively bypasses row-level security for authenticated.,https://supabase.com/docs/guides/database/database-linter?lint=0024_permissive_rls_policy,"{""name"":""despeses_ingressos"",""qual"":""true"",""type"":""table"",""roles"":[""authenticated""],""schema"":""public"",""command"":""DELETE"",""with_check"":null,""policy_name"":""Enable delete access for authenticated users"",""permissive_using"":true,""permissive_with_check"":false}",rls_policy_always_true_public_despeses_ingressos_Enable delete access for authenticated users
rls_policy_always_true,RLS Policy Always True,WARN,EXTERNAL,"[""SECURITY""]","Detects RLS policies that use overly permissive expressions like \`USING (true)\` or \`WITH CHECK (true)\` for UPDATE, DELETE, or INSERT operations. SELECT policies with \`USING (true)\` are intentionally excluded as this pattern is often used deliberately for public read access.",Table `public.despeses_ingressos` has an RLS policy `Enable insert access for authenticated users` for `INSERT` that allows unrestricted access (WITH CHECK clause is always true). This effectively bypasses row-level security for authenticated.,https://supabase.com/docs/guides/database/database-linter?lint=0024_permissive_rls_policy,"{""name"":""despeses_ingressos"",""qual"":null,""type"":""table"",""roles"":[""authenticated""],""schema"":""public"",""command"":""INSERT"",""with_check"":""true"",""policy_name"":""Enable insert access for authenticated users"",""permissive_using"":false,""permissive_with_check"":true}",rls_policy_always_true_public_despeses_ingressos_Enable insert access for authenticated users
rls_policy_always_true,RLS Policy Always True,WARN,EXTERNAL,"[""SECURITY""]","Detects RLS policies that use overly permissive expressions like \`USING (true)\` or \`WITH CHECK (true)\` for UPDATE, DELETE, or INSERT operations. SELECT policies with \`USING (true)\` are intentionally excluded as this pattern is often used deliberately for public read access.",Table `public.despeses_ingressos` has an RLS policy `Enable update access for authenticated users` for `UPDATE` that allows unrestricted access (both USING and WITH CHECK are always true). This effectively bypasses row-level security for authenticated.,https://supabase.com/docs/guides/database/database-linter?lint=0024_permissive_rls_policy,"{""name"":""despeses_ingressos"",""qual"":""true"",""type"":""table"",""roles"":[""authenticated""],""schema"":""public"",""command"":""UPDATE"",""with_check"":null,""policy_name"":""Enable update access for authenticated users"",""permissive_using"":true,""permissive_with_check"":true}",rls_policy_always_true_public_despeses_ingressos_Enable update access for authenticated users
rls_policy_always_true,RLS Policy Always True,WARN,EXTERNAL,"[""SECURITY""]","Detects RLS policies that use overly permissive expressions like \`USING (true)\` or \`WITH CHECK (true)\` for UPDATE, DELETE, or INSERT operations. SELECT policies with \`USING (true)\` are intentionally excluded as this pattern is often used deliberately for public read access.",Table `public.economy_settings` has an RLS policy `allow_all_economy_settings` for `ALL` that allows unrestricted access (both USING and WITH CHECK are always true). This effectively bypasses row-level security for -.,https://supabase.com/docs/guides/database/database-linter?lint=0024_permissive_rls_policy,"{""name"":""economy_settings"",""qual"":""true"",""type"":""table"",""roles"":[""-""],""schema"":""public"",""command"":""ALL"",""with_check"":""true"",""policy_name"":""allow_all_economy_settings"",""permissive_using"":true,""permissive_with_check"":true}",rls_policy_always_true_public_economy_settings_allow_all_economy_settings
rls_policy_always_true,RLS Policy Always True,WARN,EXTERNAL,"[""SECURITY""]","Detects RLS policies that use overly permissive expressions like \`USING (true)\` or \`WITH CHECK (true)\` for UPDATE, DELETE, or INSERT operations. SELECT policies with \`USING (true)\` are intentionally excluded as this pattern is often used deliberately for public read access.",Table `public.forecast_items` has an RLS policy `allow_all_forecast_items` for `ALL` that allows unrestricted access (both USING and WITH CHECK are always true). This effectively bypasses row-level security for -.,https://supabase.com/docs/guides/database/database-linter?lint=0024_permissive_rls_policy,"{""name"":""forecast_items"",""qual"":""true"",""type"":""table"",""roles"":[""-""],""schema"":""public"",""command"":""ALL"",""with_check"":""true"",""policy_name"":""allow_all_forecast_items"",""permissive_using"":true,""permissive_with_check"":true}",rls_policy_always_true_public_forecast_items_allow_all_forecast_items
rls_policy_always_true,RLS Policy Always True,WARN,EXTERNAL,"[""SECURITY""]","Detects RLS policies that use overly permissive expressions like \`USING (true)\` or \`WITH CHECK (true)\` for UPDATE, DELETE, or INSERT operations. SELECT policies with \`USING (true)\` are intentionally excluded as this pattern is often used deliberately for public read access.",Table `public.inventory_catalog` has an RLS policy `Enable all for authenticated` for `ALL` that allows unrestricted access (both USING and WITH CHECK are always true). This effectively bypasses row-level security for authenticated.,https://supabase.com/docs/guides/database/database-linter?lint=0024_permissive_rls_policy,"{""name"":""inventory_catalog"",""qual"":""true"",""type"":""table"",""roles"":[""authenticated""],""schema"":""public"",""command"":""ALL"",""with_check"":""true"",""policy_name"":""Enable all for authenticated"",""permissive_using"":true,""permissive_with_check"":true}",rls_policy_always_true_public_inventory_catalog_Enable all for authenticated
rls_policy_always_true,RLS Policy Always True,WARN,EXTERNAL,"[""SECURITY""]","Detects RLS policies that use overly permissive expressions like \`USING (true)\` or \`WITH CHECK (true)\` for UPDATE, DELETE, or INSERT operations. SELECT policies with \`USING (true)\` are intentionally excluded as this pattern is often used deliberately for public read access.",Table `public.inventory_items` has an RLS policy `Enable all for authenticated` for `ALL` that allows unrestricted access (both USING and WITH CHECK are always true). This effectively bypasses row-level security for authenticated.,https://supabase.com/docs/guides/database/database-linter?lint=0024_permissive_rls_policy,"{""name"":""inventory_items"",""qual"":""true"",""type"":""table"",""roles"":[""authenticated""],""schema"":""public"",""command"":""ALL"",""with_check"":""true"",""policy_name"":""Enable all for authenticated"",""permissive_using"":true,""permissive_with_check"":true}",rls_policy_always_true_public_inventory_items_Enable all for authenticated
rls_policy_always_true,RLS Policy Always True,WARN,EXTERNAL,"[""SECURITY""]","Detects RLS policies that use overly permissive expressions like \`USING (true)\` or \`WITH CHECK (true)\` for UPDATE, DELETE, or INSERT operations. SELECT policies with \`USING (true)\` are intentionally excluded as this pattern is often used deliberately for public read access.",Table `public.inventory_stock` has an RLS policy `Enable all for authenticated` for `ALL` that allows unrestricted access (both USING and WITH CHECK are always true). This effectively bypasses row-level security for authenticated.,https://supabase.com/docs/guides/database/database-linter?lint=0024_permissive_rls_policy,"{""name"":""inventory_stock"",""qual"":""true"",""type"":""table"",""roles"":[""authenticated""],""schema"":""public"",""command"":""ALL"",""with_check"":""true"",""policy_name"":""Enable all for authenticated"",""permissive_using"":true,""permissive_with_check"":true}",rls_policy_always_true_public_inventory_stock_Enable all for authenticated
rls_policy_always_true,RLS Policy Always True,WARN,EXTERNAL,"[""SECURITY""]","Detects RLS policies that use overly permissive expressions like \`USING (true)\` or \`WITH CHECK (true)\` for UPDATE, DELETE, or INSERT operations. SELECT policies with \`USING (true)\` are intentionally excluded as this pattern is often used deliberately for public read access.",Table `public.invoice_records` has an RLS policy `unify_billing_access_policy` for `ALL` that allows unrestricted access (both USING and WITH CHECK are always true). This effectively bypasses row-level security for -.,https://supabase.com/docs/guides/database/database-linter?lint=0024_permissive_rls_policy,"{""name"":""invoice_records"",""qual"":""true"",""type"":""table"",""roles"":[""-""],""schema"":""public"",""command"":""ALL"",""with_check"":""true"",""policy_name"":""unify_billing_access_policy"",""permissive_using"":true,""permissive_with_check"":true}",rls_policy_always_true_public_invoice_records_unify_billing_access_policy
rls_policy_always_true,RLS Policy Always True,WARN,EXTERNAL,"[""SECURITY""]","Detects RLS policies that use overly permissive expressions like \`USING (true)\` or \`WITH CHECK (true)\` for UPDATE, DELETE, or INSERT operations. SELECT policies with \`USING (true)\` are intentionally excluded as this pattern is often used deliberately for public read access.",Table `public.material_loans` has an RLS policy `Enable all for authenticated` for `ALL` that allows unrestricted access (both USING and WITH CHECK are always true). This effectively bypasses row-level security for authenticated.,https://supabase.com/docs/guides/database/database-linter?lint=0024_permissive_rls_policy,"{""name"":""material_loans"",""qual"":""true"",""type"":""table"",""roles"":[""authenticated""],""schema"":""public"",""command"":""ALL"",""with_check"":""true"",""policy_name"":""Enable all for authenticated"",""permissive_using"":true,""permissive_with_check"":true}",rls_policy_always_true_public_material_loans_Enable all for authenticated
rls_policy_always_true,RLS Policy Always True,WARN,EXTERNAL,"[""SECURITY""]","Detects RLS policies that use overly permissive expressions like \`USING (true)\` or \`WITH CHECK (true)\` for UPDATE, DELETE, or INSERT operations. SELECT policies with \`USING (true)\` are intentionally excluded as this pattern is often used deliberately for public read access.",Table `public.musics` has an RLS policy `Enable delete access for authenticated users` for `DELETE` that allows unrestricted access (USING clause is always true). This effectively bypasses row-level security for authenticated.,https://supabase.com/docs/guides/database/database-linter?lint=0024_permissive_rls_policy,"{""name"":""musics"",""qual"":""true"",""type"":""table"",""roles"":[""authenticated""],""schema"":""public"",""command"":""DELETE"",""with_check"":null,""policy_name"":""Enable delete access for authenticated users"",""permissive_using"":true,""permissive_with_check"":false}",rls_policy_always_true_public_musics_Enable delete access for authenticated users
rls_policy_always_true,RLS Policy Always True,WARN,EXTERNAL,"[""SECURITY""]","Detects RLS policies that use overly permissive expressions like \`USING (true)\` or \`WITH CHECK (true)\` for UPDATE, DELETE, or INSERT operations. SELECT policies with \`USING (true)\` are intentionally excluded as this pattern is often used deliberately for public read access.",Table `public.musics` has an RLS policy `Enable insert access for authenticated users` for `INSERT` that allows unrestricted access (WITH CHECK clause is always true). This effectively bypasses row-level security for authenticated.,https://supabase.com/docs/guides/database/database-linter?lint=0024_permissive_rls_policy,"{""name"":""musics"",""qual"":null,""type"":""table"",""roles"":[""authenticated""],""schema"":""public"",""command"":""INSERT"",""with_check"":""true"",""policy_name"":""Enable insert access for authenticated users"",""permissive_using"":false,""permissive_with_check"":true}",rls_policy_always_true_public_musics_Enable insert access for authenticated users
rls_policy_always_true,RLS Policy Always True,WARN,EXTERNAL,"[""SECURITY""]","Detects RLS policies that use overly permissive expressions like \`USING (true)\` or \`WITH CHECK (true)\` for UPDATE, DELETE, or INSERT operations. SELECT policies with \`USING (true)\` are intentionally excluded as this pattern is often used deliberately for public read access.",Table `public.musics` has an RLS policy `Enable update access for authenticated users` for `UPDATE` that allows unrestricted access (both USING and WITH CHECK are always true). This effectively bypasses row-level security for authenticated.,https://supabase.com/docs/guides/database/database-linter?lint=0024_permissive_rls_policy,"{""name"":""musics"",""qual"":""true"",""type"":""table"",""roles"":[""authenticated""],""schema"":""public"",""command"":""UPDATE"",""with_check"":null,""policy_name"":""Enable update access for authenticated users"",""permissive_using"":true,""permissive_with_check"":true}",rls_policy_always_true_public_musics_Enable update access for authenticated users
rls_policy_always_true,RLS Policy Always True,WARN,EXTERNAL,"[""SECURITY""]","Detects RLS policies that use overly permissive expressions like \`USING (true)\` or \`WITH CHECK (true)\` for UPDATE, DELETE, or INSERT operations. SELECT policies with \`USING (true)\` are intentionally excluded as this pattern is often used deliberately for public read access.",Table `public.notes` has an RLS policy `Enable delete access for authenticated users` for `DELETE` that allows unrestricted access (USING clause is always true). This effectively bypasses row-level security for authenticated.,https://supabase.com/docs/guides/database/database-linter?lint=0024_permissive_rls_policy,"{""name"":""notes"",""qual"":""true"",""type"":""table"",""roles"":[""authenticated""],""schema"":""public"",""command"":""DELETE"",""with_check"":null,""policy_name"":""Enable delete access for authenticated users"",""permissive_using"":true,""permissive_with_check"":false}",rls_policy_always_true_public_notes_Enable delete access for authenticated users
rls_policy_always_true,RLS Policy Always True,WARN,EXTERNAL,"[""SECURITY""]","Detects RLS policies that use overly permissive expressions like \`USING (true)\` or \`WITH CHECK (true)\` for UPDATE, DELETE, or INSERT operations. SELECT policies with \`USING (true)\` are intentionally excluded as this pattern is often used deliberately for public read access.",Table `public.notes` has an RLS policy `Enable insert access for authenticated users` for `INSERT` that allows unrestricted access (WITH CHECK clause is always true). This effectively bypasses row-level security for authenticated.,https://supabase.com/docs/guides/database/database-linter?lint=0024_permissive_rls_policy,"{""name"":""notes"",""qual"":null,""type"":""table"",""roles"":[""authenticated""],""schema"":""public"",""command"":""INSERT"",""with_check"":""true"",""policy_name"":""Enable insert access for authenticated users"",""permissive_using"":false,""permissive_with_check"":true}",rls_policy_always_true_public_notes_Enable insert access for authenticated users
rls_policy_always_true,RLS Policy Always True,WARN,EXTERNAL,"[""SECURITY""]","Detects RLS policies that use overly permissive expressions like \`USING (true)\` or \`WITH CHECK (true)\` for UPDATE, DELETE, or INSERT operations. SELECT policies with \`USING (true)\` are intentionally excluded as this pattern is often used deliberately for public read access.",Table `public.notes` has an RLS policy `Enable update access for authenticated users` for `UPDATE` that allows unrestricted access (both USING and WITH CHECK are always true). This effectively bypasses row-level security for authenticated.,https://supabase.com/docs/guides/database/database-linter?lint=0024_permissive_rls_policy,"{""name"":""notes"",""qual"":""true"",""type"":""table"",""roles"":[""authenticated""],""schema"":""public"",""command"":""UPDATE"",""with_check"":null,""policy_name"":""Enable update access for authenticated users"",""permissive_using"":true,""permissive_with_check"":true}",rls_policy_always_true_public_notes_Enable update access for authenticated users
rls_policy_always_true,RLS Policy Always True,WARN,EXTERNAL,"[""SECURITY""]","Detects RLS policies that use overly permissive expressions like \`USING (true)\` or \`WITH CHECK (true)\` for UPDATE, DELETE, or INSERT operations. SELECT policies with \`USING (true)\` are intentionally excluded as this pattern is often used deliberately for public read access.",Table `public.pagaments_anticipats` has an RLS policy `Usuaris autenticats poden fer-ho tot a pagaments_anticipats` for `ALL` that allows unrestricted access (both USING and WITH CHECK are always true). This effectively bypasses row-level security for authenticated.,https://supabase.com/docs/guides/database/database-linter?lint=0024_permissive_rls_policy,"{""name"":""pagaments_anticipats"",""qual"":""true"",""type"":""table"",""roles"":[""authenticated""],""schema"":""public"",""command"":""ALL"",""with_check"":null,""policy_name"":""Usuaris autenticats poden fer-ho tot a pagaments_anticipats"",""permissive_using"":true,""permissive_with_check"":true}",rls_policy_always_true_public_pagaments_anticipats_Usuaris autenticats poden fer-ho tot a pagaments_anticipats
rls_policy_always_true,RLS Policy Always True,WARN,EXTERNAL,"[""SECURITY""]","Detects RLS policies that use overly permissive expressions like \`USING (true)\` or \`WITH CHECK (true)\` for UPDATE, DELETE, or INSERT operations. SELECT policies with \`USING (true)\` are intentionally excluded as this pattern is often used deliberately for public read access.",Table `public.quote_records` has an RLS policy `Enable all access for all users` for `ALL` that allows unrestricted access (both USING and WITH CHECK are always true). This effectively bypasses row-level security for -.,https://supabase.com/docs/guides/database/database-linter?lint=0024_permissive_rls_policy,"{""name"":""quote_records"",""qual"":""true"",""type"":""table"",""roles"":[""-""],""schema"":""public"",""command"":""ALL"",""with_check"":""true"",""policy_name"":""Enable all access for all users"",""permissive_using"":true,""permissive_with_check"":true}",rls_policy_always_true_public_quote_records_Enable all access for all users
rls_policy_always_true,RLS Policy Always True,WARN,EXTERNAL,"[""SECURITY""]","Detects RLS policies that use overly permissive expressions like \`USING (true)\` or \`WITH CHECK (true)\` for UPDATE, DELETE, or INSERT operations. SELECT policies with \`USING (true)\` are intentionally excluded as this pattern is often used deliberately for public read access.",Table `public.solicituds` has an RLS policy `admin_solicituds_policy` for `ALL` that allows unrestricted access (both USING and WITH CHECK are always true). This effectively bypasses row-level security for -.,https://supabase.com/docs/guides/database/database-linter?lint=0024_permissive_rls_policy,"{""name"":""solicituds"",""qual"":""true"",""type"":""table"",""roles"":[""-""],""schema"":""public"",""command"":""ALL"",""with_check"":""true"",""policy_name"":""admin_solicituds_policy"",""permissive_using"":true,""permissive_with_check"":true}",rls_policy_always_true_public_solicituds_admin_solicituds_policy
rls_policy_always_true,RLS Policy Always True,WARN,EXTERNAL,"[""SECURITY""]","Detects RLS policies that use overly permissive expressions like \`USING (true)\` or \`WITH CHECK (true)\` for UPDATE, DELETE, or INSERT operations. SELECT policies with \`USING (true)\` are intentionally excluded as this pattern is often used deliberately for public read access.",Table `public.tasques` has an RLS policy `Enable delete access for authenticated users` for `DELETE` that allows unrestricted access (USING clause is always true). This effectively bypasses row-level security for authenticated.,https://supabase.com/docs/guides/database/database-linter?lint=0024_permissive_rls_policy,"{""name"":""tasques"",""qual"":""true"",""type"":""table"",""roles"":[""authenticated""],""schema"":""public"",""command"":""DELETE"",""with_check"":null,""policy_name"":""Enable delete access for authenticated users"",""permissive_using"":true,""permissive_with_check"":false}",rls_policy_always_true_public_tasques_Enable delete access for authenticated users
rls_policy_always_true,RLS Policy Always True,WARN,EXTERNAL,"[""SECURITY""]","Detects RLS policies that use overly permissive expressions like \`USING (true)\` or \`WITH CHECK (true)\` for UPDATE, DELETE, or INSERT operations. SELECT policies with \`USING (true)\` are intentionally excluded as this pattern is often used deliberately for public read access.",Table `public.tasques` has an RLS policy `Enable insert access for authenticated users` for `INSERT` that allows unrestricted access (WITH CHECK clause is always true). This effectively bypasses row-level security for authenticated.,https://supabase.com/docs/guides/database/database-linter?lint=0024_permissive_rls_policy,"{""name"":""tasques"",""qual"":null,""type"":""table"",""roles"":[""authenticated""],""schema"":""public"",""command"":""INSERT"",""with_check"":""true"",""policy_name"":""Enable insert access for authenticated users"",""permissive_using"":false,""permissive_with_check"":true}",rls_policy_always_true_public_tasques_Enable insert access for authenticated users
rls_policy_always_true,RLS Policy Always True,WARN,EXTERNAL,"[""SECURITY""]","Detects RLS policies that use overly permissive expressions like \`USING (true)\` or \`WITH CHECK (true)\` for UPDATE, DELETE, or INSERT operations. SELECT policies with \`USING (true)\` are intentionally excluded as this pattern is often used deliberately for public read access.",Table `public.tasques` has an RLS policy `Enable update access for authenticated users` for `UPDATE` that allows unrestricted access (both USING and WITH CHECK are always true). This effectively bypasses row-level security for authenticated.,https://supabase.com/docs/guides/database/database-linter?lint=0024_permissive_rls_policy,"{""name"":""tasques"",""qual"":""true"",""type"":""table"",""roles"":[""authenticated""],""schema"":""public"",""command"":""UPDATE"",""with_check"":null,""policy_name"":""Enable update access for authenticated users"",""permissive_using"":true,""permissive_with_check"":true}",rls_policy_always_true_public_tasques_Enable update access for authenticated users
auth_leaked_password_protection,Leaked Password Protection Disabled,WARN,EXTERNAL,"[""SECURITY""]",Leaked password protection is currently disabled.,Supabase Auth prevents the use of compromised passwords by checking against HaveIBeenPwned.org. Enable this feature to enhance security.,https://supabase.com/docs/guides/auth/password-security#password-strength-and-leaked-password-protection,"{""type"":""auth"",""entity"":""Auth""}",auth_leaked_password_protection